<?xml version="1.0" encoding="UTF-8"?>
<metadata xml:lang="en"><Esri><CreaDate>20151020</CreaDate><CreaTime>16571000</CreaTime><ArcGISFormat>1.0</ArcGISFormat><SyncOnce>FALSE</SyncOnce><DataProperties><itemProps><itemName Sync="TRUE">02070</itemName><imsContentType Sync="TRUE">002</imsContentType><itemSize Sync="TRUE">0.000</itemSize><itemLocation><linkage Sync="TRUE">file://\\COE-LRLNB-72901\E$\MMC\NSI Generator\Outputs\02070.shp</linkage><protocol Sync="TRUE">Local Area Network</protocol></itemLocation></itemProps><coordRef><type Sync="TRUE">Geographic</type><geogcsn Sync="TRUE">GCS_North_American_1983</geogcsn><csUnits Sync="TRUE">Angular Unit: Degree (0.017453)</csUnits><peXml Sync="TRUE">&lt;GeographicCoordinateSystem xsi:type='typens:GeographicCoordinateSystem' xmlns:xsi='http://www.w3.org/2001/XMLSchema-instance' xmlns:xs='http://www.w3.org/2001/XMLSchema' xmlns:typens='http://www.esri.com/schemas/ArcGIS/10.1'&gt;&lt;WKT&gt;GEOGCS[&amp;quot;GCS_North_American_1983&amp;quot;,DATUM[&amp;quot;D_North_American_1983&amp;quot;,SPHEROID[&amp;quot;GRS_1980&amp;quot;,6378137.0,298.257222101]],PRIMEM[&amp;quot;Greenwich&amp;quot;,0.0],UNIT[&amp;quot;Degree&amp;quot;,0.0174532925199433],METADATA[&amp;quot;North America - NAD83&amp;quot;,167.65,14.93,-47.74,86.45,0.0,0.0174532925199433,0.0,1350],AUTHORITY[&amp;quot;EPSG&amp;quot;,4269]]&lt;/WKT&gt;&lt;XOrigin&gt;-400&lt;/XOrigin&gt;&lt;YOrigin&gt;-400&lt;/YOrigin&gt;&lt;XYScale&gt;11258999068426.238&lt;/XYScale&gt;&lt;ZOrigin&gt;-100000&lt;/ZOrigin&gt;&lt;ZScale&gt;10000&lt;/ZScale&gt;&lt;MOrigin&gt;-100000&lt;/MOrigin&gt;&lt;MScale&gt;10000&lt;/MScale&gt;&lt;XYTolerance&gt;8.9831528411952133e-009&lt;/XYTolerance&gt;&lt;ZTolerance&gt;0.001&lt;/ZTolerance&gt;&lt;MTolerance&gt;0.001&lt;/MTolerance&gt;&lt;HighPrecision&gt;true&lt;/HighPrecision&gt;&lt;LeftLongitude&gt;-180&lt;/LeftLongitude&gt;&lt;WKID&gt;4269&lt;/WKID&gt;&lt;LatestWKID&gt;4269&lt;/LatestWKID&gt;&lt;/GeographicCoordinateSystem&gt;</peXml></coordRef><lineage><Process Name="Merge" ToolSource="c:\program files (x86)\arcgis\desktop10.1\ArcToolbox\Toolboxes\Data Management Tools.tbx\Merge" Date="20151020" Time="165710">Merge 'E:\MMC\NSI Generator\NSI 2010\AK\02070.shp';C:\Users\h2pmmar3\Documents\ArcGIS\Default2.gdb\NCES_Schools_Select "E:\MMC\NSI Generator\Outputs\02070.shp" "St_Name "St_Name" true true false 24 Text 0 0 ,First,#,E:\MMC\NSI Generator\NSI 2010\AK\02070.shp,St_Name,-1,-1,C:\Users\h2pmmar3\Documents\ArcGIS\Default2.gdb\NCES_Schools_Select,St_Name,-1,-1;CBFips "CBFips" true true false 15 Text 0 0 ,First,#,E:\MMC\NSI Generator\NSI 2010\AK\02070.shp,CBFips,-1,-1,C:\Users\h2pmmar3\Documents\ArcGIS\Default2.gdb\NCES_Schools_Select,CBFips,-1,-1;DamCat "DamCat" true true false 11 Text 0 0 ,First,#,E:\MMC\NSI Generator\NSI 2010\AK\02070.shp,DamCat,-1,-1,C:\Users\h2pmmar3\Documents\ArcGIS\Default2.gdb\NCES_Schools_Select,DamCat,-1,-1;OccType "OccType" true true false 9 Text 0 0 ,First,#,E:\MMC\NSI Generator\NSI 2010\AK\02070.shp,OccType,-1,-1,C:\Users\h2pmmar3\Documents\ArcGIS\Default2.gdb\NCES_Schools_Select,OccType,-1,-1;N_Stories "N_Stories" true true false 6 Long 0 6 ,First,#,E:\MMC\NSI Generator\NSI 2010\AK\02070.shp,N_Stories,-1,-1,C:\Users\h2pmmar3\Documents\ArcGIS\Default2.gdb\NCES_Schools_Select,N_Stories,-1,-1;Basement "Basement" true true false 3 Text 0 0 ,First,#,E:\MMC\NSI Generator\NSI 2010\AK\02070.shp,Basement,-1,-1,C:\Users\h2pmmar3\Documents\ArcGIS\Default2.gdb\NCES_Schools_Select,Basement,-1,-1;BldgType "BldgType" true true false 12 Text 0 0 ,First,#,E:\MMC\NSI Generator\NSI 2010\AK\02070.shp,BldgType,-1,-1,C:\Users\h2pmmar3\Documents\ArcGIS\Default2.gdb\NCES_Schools_Select,BldgType,-1,-1;Found_Ht "Found_Ht" true true false 19 Double 0 0 ,First,#,E:\MMC\NSI Generator\NSI 2010\AK\02070.shp,Found_Ht,-1,-1,C:\Users\h2pmmar3\Documents\ArcGIS\Default2.gdb\NCES_Schools_Select,Found_Ht,-1,-1;Val_Struct "Val_Struct" true true false 19 Double 0 0 ,First,#,E:\MMC\NSI Generator\NSI 2010\AK\02070.shp,Val_Struct,-1,-1,C:\Users\h2pmmar3\Documents\ArcGIS\Default2.gdb\NCES_Schools_Select,Val_Struct,-1,-1;Val_Cont "Val_Cont" true true false 19 Double 0 0 ,First,#,E:\MMC\NSI Generator\NSI 2010\AK\02070.shp,Val_Cont,-1,-1,C:\Users\h2pmmar3\Documents\ArcGIS\Default2.gdb\NCES_Schools_Select,Val_Cont,-1,-1;Val_Other "Val_Other" true true false 19 Double 0 0 ,First,#,E:\MMC\NSI Generator\NSI 2010\AK\02070.shp,Val_Other,-1,-1,C:\Users\h2pmmar3\Documents\ArcGIS\Default2.gdb\NCES_Schools_Select,Val_Other,-1,-1;Val_Vehic "Val_Vehic" true true false 19 Double 0 0 ,First,#,E:\MMC\NSI Generator\NSI 2010\AK\02070.shp,Val_Vehic,-1,-1,C:\Users\h2pmmar3\Documents\ArcGIS\Default2.gdb\NCES_Schools_Select,Val_Vehic,-1,-1;MedYrBlt "MedYrBlt" true true false 9 Long 0 9 ,First,#,E:\MMC\NSI Generator\NSI 2010\AK\02070.shp,MedYrBlt,-1,-1,C:\Users\h2pmmar3\Documents\ArcGIS\Default2.gdb\NCES_Schools_Select,MedYrBlt,-1,-1;FipsEntry "FipsEntry" true true false 9 Long 0 9 ,First,#,E:\MMC\NSI Generator\NSI 2010\AK\02070.shp,FipsEntry,-1,-1,C:\Users\h2pmmar3\Documents\ArcGIS\Default2.gdb\NCES_Schools_Select,FipsEntry,-1,-1;Found_Type "Found_Type" true true false 9 Text 0 0 ,First,#,E:\MMC\NSI Generator\NSI 2010\AK\02070.shp,Found_Type,-1,-1,C:\Users\h2pmmar3\Documents\ArcGIS\Default2.gdb\NCES_Schools_Select,Found_Type,-1,-1;PostFirm "PostFirm" true true false 3 Short 0 3 ,First,#,E:\MMC\NSI Generator\NSI 2010\AK\02070.shp,PostFirm,-1,-1;STATE "STATE" true true false 254 Text 0 0 ,First,#,C:\Users\h2pmmar3\Documents\ArcGIS\Default2.gdb\NCES_Schools_Select,STATE,-1,-1;Teachers "Teachers" true true false 4 Long 0 0 ,First,#,C:\Users\h2pmmar3\Documents\ArcGIS\Default2.gdb\NCES_Schools_Select,Teachers,-1,-1;Students "Students" true true false 4 Long 0 0 ,First,#,C:\Users\h2pmmar3\Documents\ArcGIS\Default2.gdb\NCES_Schools_Select,Students,-1,-1;County "County" true true false 50 Text 0 0 ,First,#,C:\Users\h2pmmar3\Documents\ArcGIS\Default2.gdb\NCES_Schools_Select,County,-1,-1;Address "Address" true true false 50 Text 0 0 ,First,#,C:\Users\h2pmmar3\Documents\ArcGIS\Default2.gdb\NCES_Schools_Select,Address,-1,-1;Latitude "Latitude" true true false 8 Double 0 0 ,First,#,C:\Users\h2pmmar3\Documents\ArcGIS\Default2.gdb\NCES_Schools_Select,Latitude,-1,-1;Longitude "Longitude" true true false 8 Double 0 0 ,First,#,C:\Users\h2pmmar3\Documents\ArcGIS\Default2.gdb\NCES_Schools_Select,Longitude,-1,-1;SchoolName "SchoolName" true true false 50 Text 0 0 ,First,#,C:\Users\h2pmmar3\Documents\ArcGIS\Default2.gdb\NCES_Schools_Select,SchoolName,-1,-1;GEOID10 "GEOID10" true true false 11 Text 0 0 ,First,#,C:\Users\h2pmmar3\Documents\ArcGIS\Default2.gdb\NCES_Schools_Select,GEOID10,-1,-1;U65PopDay "U65PopDay" true true false 8 Double 0 0 ,First,#,C:\Users\h2pmmar3\Documents\ArcGIS\Default2.gdb\NCES_Schools_Select,U65PopDay,-1,-1;O65PopDay "O65PopDay" true true false 8 Double 0 0 ,First,#,C:\Users\h2pmmar3\Documents\ArcGIS\Default2.gdb\NCES_Schools_Select,O65PopDay,-1,-1;U65PopNgt "U65PopNgt" true true false 8 Double 0 0 ,First,#,C:\Users\h2pmmar3\Documents\ArcGIS\Default2.gdb\NCES_Schools_Select,U65PopNgt,-1,-1;O65PopNgt "O65PopNgt" true true false 8 Double 0 0 ,First,#,C:\Users\h2pmmar3\Documents\ArcGIS\Default2.gdb\NCES_Schools_Select,O65PopNgt,-1,-1;CountyFIP "CountyFIP" true true false 50 Text 0 0 ,First,#,C:\Users\h2pmmar3\Documents\ArcGIS\Default2.gdb\NCES_Schools_Select,CountyFIP,-1,-1;match "match" true true false 50 Text 0 0 ,First,#,C:\Users\h2pmmar3\Documents\ArcGIS\Default2.gdb\NCES_Schools_Select,match,-1,-1"</Process><Process Name="Delete Field" ToolSource="c:\program files (x86)\arcgis\desktop10.1\ArcToolbox\Toolboxes\Data Management Tools.tbx\DeleteField" Date="20151020" Time="165711">DeleteField "E:\MMC\NSI Generator\Outputs\02070.shp" STATE;County;Address;Latitude;Longitude;GEOID10;U65PopDay;O65PopDay;U65PopNgt;O65PopNgt;CountyFIP;match</Process></lineage></DataProperties><SyncDate>20151020</SyncDate><SyncTime>16571000</SyncTime><ModDate>20151020</ModDate><ModTime>16571000</ModTime></Esri><dataIdInfo><envirDesc Sync="TRUE">Microsoft Windows 7 Version 6.1 (Build 7601) Service Pack 1; Esri ArcGIS 10.1.1.3143</envirDesc><dataLang><languageCode value="eng" Sync="TRUE"></languageCode><countryCode value="USA" Sync="TRUE"></countryCode></dataLang><idCitation><resTitle Sync="TRUE">02070</resTitle><presForm><PresFormCd value="005" Sync="TRUE"></PresFormCd></presForm></idCitation><spatRpType><SpatRepTypCd value="001" Sync="TRUE"></SpatRepTypCd></spatRpType></dataIdInfo><mdLang><languageCode value="eng" Sync="TRUE"></languageCode><countryCode value="USA" Sync="TRUE"></countryCode></mdLang><mdChar><CharSetCd value="004" Sync="TRUE"></CharSetCd></mdChar><distInfo><distFormat><formatName Sync="TRUE">Shapefile</formatName></distFormat><distTranOps><transSize Sync="TRUE">0.000</transSize></distTranOps></distInfo><mdHrLv><ScopeCd value="005" Sync="TRUE"></ScopeCd></mdHrLv><mdHrLvName Sync="TRUE">dataset</mdHrLvName><refSysInfo><RefSystem><refSysID><identCode code="4269" Sync="TRUE"></identCode><idCodeSpace Sync="TRUE">EPSG</idCodeSpace><idVersion Sync="TRUE">7.11.2</idVersion></refSysID></RefSystem></refSysInfo><spatRepInfo><VectSpatRep><geometObjs Name="02070"><geoObjTyp><GeoObjTypCd value="004" Sync="TRUE"></GeoObjTypCd></geoObjTyp><geoObjCnt Sync="TRUE">0</geoObjCnt></geometObjs><topLvl><TopoLevCd value="001" Sync="TRUE"></TopoLevCd></topLvl></VectSpatRep></spatRepInfo><spdoinfo><ptvctinf><esriterm Name="02070"><efeatyp Sync="TRUE">Simple</efeatyp><efeageom code="1" Sync="TRUE"></efeageom><esritopo Sync="TRUE">FALSE</esritopo><efeacnt Sync="TRUE">0</efeacnt><spindex Sync="TRUE">FALSE</spindex><linrefer Sync="TRUE">FALSE</linrefer></esriterm></ptvctinf></spdoinfo><eainfo><detailed Name="02070"><enttyp><enttypl Sync="TRUE">02070</enttypl><enttypt Sync="TRUE">Feature Class</enttypt><enttypc Sync="TRUE">0</enttypc></enttyp><attr><attrlabl Sync="TRUE">FID</attrlabl><attalias Sync="TRUE">FID</attalias><attrtype Sync="TRUE">OID</attrtype><attwidth Sync="TRUE">4</attwidth><atprecis Sync="TRUE">0</atprecis><attscale Sync="TRUE">0</attscale><attrdef Sync="TRUE">Internal feature number.</attrdef><attrdefs Sync="TRUE">Esri</attrdefs><attrdomv><udom Sync="TRUE">Sequential unique whole numbers that are automatically generated.</udom></attrdomv></attr><attr><attrlabl Sync="TRUE">Shape</attrlabl><attalias Sync="TRUE">Shape</attalias><attrtype Sync="TRUE">Geometry</attrtype><attwidth Sync="TRUE">0</attwidth><atprecis Sync="TRUE">0</atprecis><attscale Sync="TRUE">0</attscale><attrdef Sync="TRUE">Feature geometry.</attrdef><attrdefs Sync="TRUE">Esri</attrdefs><attrdomv><udom Sync="TRUE">Coordinates defining the features.</udom></attrdomv></attr><attr><attrlabl Sync="TRUE">St_Name</attrlabl><attalias Sync="TRUE">St_Name</attalias><attrtype Sync="TRUE">String</attrtype><attwidth Sync="TRUE">24</attwidth><atprecis Sync="TRUE">0</atprecis><attscale Sync="TRUE">0</attscale></attr><attr><attrlabl Sync="TRUE">CBFips</attrlabl><attalias Sync="TRUE">CBFips</attalias><attrtype Sync="TRUE">String</attrtype><attwidth Sync="TRUE">15</attwidth><atprecis Sync="TRUE">0</atprecis><attscale Sync="TRUE">0</attscale></attr><attr><attrlabl Sync="TRUE">DamCat</attrlabl><attalias Sync="TRUE">DamCat</attalias><attrtype Sync="TRUE">String</attrtype><attwidth Sync="TRUE">11</attwidth><atprecis Sync="TRUE">0</atprecis><attscale Sync="TRUE">0</attscale></attr><attr><attrlabl Sync="TRUE">OccType</attrlabl><attalias Sync="TRUE">OccType</attalias><attrtype Sync="TRUE">String</attrtype><attwidth Sync="TRUE">9</attwidth><atprecis Sync="TRUE">0</atprecis><attscale Sync="TRUE">0</attscale></attr><attr><attrlabl Sync="TRUE">N_Stories</attrlabl><attalias Sync="TRUE">N_Stories</attalias><attrtype Sync="TRUE">Integer</attrtype><attwidth Sync="TRUE">6</attwidth><atprecis Sync="TRUE">6</atprecis><attscale Sync="TRUE">0</attscale></attr><attr><attrlabl Sync="TRUE">Basement</attrlabl><attalias Sync="TRUE">Basement</attalias><attrtype Sync="TRUE">String</attrtype><attwidth Sync="TRUE">3</attwidth><atprecis Sync="TRUE">0</atprecis><attscale Sync="TRUE">0</attscale></attr><attr><attrlabl Sync="TRUE">BldgType</attrlabl><attalias Sync="TRUE">BldgType</attalias><attrtype Sync="TRUE">String</attrtype><attwidth Sync="TRUE">12</attwidth><atprecis Sync="TRUE">0</atprecis><attscale Sync="TRUE">0</attscale></attr><attr><attrlabl Sync="TRUE">Found_Ht</attrlabl><attalias Sync="TRUE">Found_Ht</attalias><attrtype Sync="TRUE">Double</attrtype><attwidth Sync="TRUE">19</attwidth><atprecis Sync="TRUE">0</atprecis><attscale Sync="TRUE">0</attscale></attr><attr><attrlabl Sync="TRUE">Val_Struct</attrlabl><attalias Sync="TRUE">Val_Struct</attalias><attrtype Sync="TRUE">Double</attrtype><attwidth Sync="TRUE">19</attwidth><atprecis Sync="TRUE">0</atprecis><attscale Sync="TRUE">0</attscale></attr><attr><attrlabl Sync="TRUE">Val_Cont</attrlabl><attalias Sync="TRUE">Val_Cont</attalias><attrtype Sync="TRUE">Double</attrtype><attwidth Sync="TRUE">19</attwidth><atprecis Sync="TRUE">0</atprecis><attscale Sync="TRUE">0</attscale></attr><attr><attrlabl Sync="TRUE">Val_Other</attrlabl><attalias Sync="TRUE">Val_Other</attalias><attrtype Sync="TRUE">Double</attrtype><attwidth Sync="TRUE">19</attwidth><atprecis Sync="TRUE">0</atprecis><attscale Sync="TRUE">0</attscale></attr><attr><attrlabl Sync="TRUE">Val_Vehic</attrlabl><attalias Sync="TRUE">Val_Vehic</attalias><attrtype Sync="TRUE">Double</attrtype><attwidth Sync="TRUE">19</attwidth><atprecis Sync="TRUE">0</atprecis><attscale Sync="TRUE">0</attscale></attr><attr><attrlabl Sync="TRUE">MedYrBlt</attrlabl><attalias Sync="TRUE">MedYrBlt</attalias><attrtype Sync="TRUE">Integer</attrtype><attwidth Sync="TRUE">9</attwidth><atprecis Sync="TRUE">9</atprecis><attscale Sync="TRUE">0</attscale></attr><attr><attrlabl Sync="TRUE">FipsEntry</attrlabl><attalias Sync="TRUE">FipsEntry</attalias><attrtype Sync="TRUE">Integer</attrtype><attwidth Sync="TRUE">9</attwidth><atprecis Sync="TRUE">9</atprecis><attscale Sync="TRUE">0</attscale></attr><attr><attrlabl Sync="TRUE">Found_Type</attrlabl><attalias Sync="TRUE">Found_Type</attalias><attrtype Sync="TRUE">String</attrtype><attwidth Sync="TRUE">9</attwidth><atprecis Sync="TRUE">0</atprecis><attscale Sync="TRUE">0</attscale></attr><attr><attrlabl Sync="TRUE">PostFirm</attrlabl><attalias Sync="TRUE">PostFirm</attalias><attrtype Sync="TRUE">SmallInteger</attrtype><attwidth Sync="TRUE">3</attwidth><atprecis Sync="TRUE">3</atprecis><attscale Sync="TRUE">0</attscale></attr><attr><attrlabl Sync="TRUE">STATE</attrlabl><attalias Sync="TRUE">STATE</attalias><attrtype Sync="TRUE">String</attrtype><attwidth Sync="TRUE">254</attwidth><atprecis Sync="TRUE">0</atprecis><attscale Sync="TRUE">0</attscale></attr><attr><attrlabl Sync="TRUE">Teachers</attrlabl><attalias Sync="TRUE">Teachers</attalias><attrtype Sync="TRUE">Integer</attrtype><attwidth Sync="TRUE">9</attwidth><atprecis Sync="TRUE">9</atprecis><attscale Sync="TRUE">0</attscale></attr><attr><attrlabl Sync="TRUE">Students</attrlabl><attalias Sync="TRUE">Students</attalias><attrtype Sync="TRUE">Integer</attrtype><attwidth Sync="TRUE">9</attwidth><atprecis Sync="TRUE">9</atprecis><attscale Sync="TRUE">0</attscale></attr><attr><attrlabl Sync="TRUE">County</attrlabl><attalias Sync="TRUE">County</attalias><attrtype Sync="TRUE">String</attrtype><attwidth Sync="TRUE">50</attwidth><atprecis Sync="TRUE">0</atprecis><attscale Sync="TRUE">0</attscale></attr><attr><attrlabl Sync="TRUE">Address</attrlabl><attalias Sync="TRUE">Address</attalias><attrtype Sync="TRUE">String</attrtype><attwidth Sync="TRUE">50</attwidth><atprecis Sync="TRUE">0</atprecis><attscale Sync="TRUE">0</attscale></attr><attr><attrlabl Sync="TRUE">Latitude</attrlabl><attalias Sync="TRUE">Latitude</attalias><attrtype Sync="TRUE">Double</attrtype><attwidth Sync="TRUE">19</attwidth><atprecis Sync="TRUE">0</atprecis><attscale Sync="TRUE">0</attscale></attr><attr><attrlabl Sync="TRUE">Longitude</attrlabl><attalias Sync="TRUE">Longitude</attalias><attrtype Sync="TRUE">Double</attrtype><attwidth Sync="TRUE">19</attwidth><atprecis Sync="TRUE">0</atprecis><attscale Sync="TRUE">0</attscale></attr><attr><attrlabl Sync="TRUE">SchoolName</attrlabl><attalias Sync="TRUE">SchoolName</attalias><attrtype Sync="TRUE">String</attrtype><attwidth Sync="TRUE">50</attwidth><atprecis Sync="TRUE">0</atprecis><attscale Sync="TRUE">0</attscale></attr><attr><attrlabl Sync="TRUE">GEOID10</attrlabl><attalias Sync="TRUE">GEOID10</attalias><attrtype Sync="TRUE">String</attrtype><attwidth Sync="TRUE">11</attwidth><atprecis Sync="TRUE">0</atprecis><attscale Sync="TRUE">0</attscale></attr><attr><attrlabl Sync="TRUE">U65PopDay</attrlabl><attalias Sync="TRUE">U65PopDay</attalias><attrtype Sync="TRUE">Double</attrtype><attwidth Sync="TRUE">19</attwidth><atprecis Sync="TRUE">0</atprecis><attscale Sync="TRUE">0</attscale></attr><attr><attrlabl Sync="TRUE">O65PopDay</attrlabl><attalias Sync="TRUE">O65PopDay</attalias><attrtype Sync="TRUE">Double</attrtype><attwidth Sync="TRUE">19</attwidth><atprecis Sync="TRUE">0</atprecis><attscale Sync="TRUE">0</attscale></attr><attr><attrlabl Sync="TRUE">U65PopNgt</attrlabl><attalias Sync="TRUE">U65PopNgt</attalias><attrtype Sync="TRUE">Double</attrtype><attwidth Sync="TRUE">19</attwidth><atprecis Sync="TRUE">0</atprecis><attscale Sync="TRUE">0</attscale></attr><attr><attrlabl Sync="TRUE">O65PopNgt</attrlabl><attalias Sync="TRUE">O65PopNgt</attalias><attrtype Sync="TRUE">Double</attrtype><attwidth Sync="TRUE">19</attwidth><atprecis Sync="TRUE">0</atprecis><attscale Sync="TRUE">0</attscale></attr><attr><attrlabl Sync="TRUE">CountyFIP</attrlabl><attalias Sync="TRUE">CountyFIP</attalias><attrtype Sync="TRUE">String</attrtype><attwidth Sync="TRUE">50</attwidth><atprecis Sync="TRUE">0</atprecis><attscale Sync="TRUE">0</attscale></attr><attr><attrlabl Sync="TRUE">match</attrlabl><attalias Sync="TRUE">match</attalias><attrtype Sync="TRUE">String</attrtype><attwidth Sync="TRUE">50</attwidth><atprecis Sync="TRUE">0</atprecis><attscale Sync="TRUE">0</attscale></attr></detailed></eainfo><mdDateSt Sync="TRUE">20151020</mdDateSt></metadata>
